CountryS,CountryR,Amount,Year
LVA,LTU,4602.58,2000
GRC,SVK,259.98,2012
ITA,BGR,7098.32,2006
SVN,SWE,3282.82,2005
SWE,MLT,7096.78,2019
EST,DNK,3985.83,2013
FRA,HUN,5068.82,2012
DEU,DEU,235.53,2018
IRL,SVK,9483.94,2006
FRA,BGR,36.81,2004
LTU,EST,9545.09,2010
AUT,NLD,6413.67,2018
FRA,ESP,8071.13,2000
BEL,BEL,4574.82,2017
CZE,NLD,7026.2,2004
DEU,PRT,5280.09,2017
HRV,CZE,1511.89,2012
MLT,SVK,3720.8,2004
SWE,POL,8697.72,2019
ROU,DEU,5595.99,2002
IRL,LVA,5082.5,2011
SVN,SVK,509.7,2006
MLT,EST,3879.87,2010
LTU,DEU,1991.96,2006
CYP,PRT,8211.84,2000
ESP,NLD,8686.13,2018
AUT,LUX,4938.73,2001
SVN,NLD,7566.11,2003
AUT,HRV,9218.57,2003
CYP,ITA,3458.25,2020
LUX,EST,1470.47,2008
EST,HRV,6425.87,2020
ESP,LVA,4202.85,2015
DNK,FRA,2043.97,2007
ITA,EST,5380.58,2012
ROU,CYP,1659.04,2002
PRT,ESP,1939.04,2020
BGR,NLD,5024.16,2006
ESP,ROU,2079.57,2018
EST,BEL,5234.24,2004
FIN,POL,552.91,2008
POL,FIN,2210.38,2016
HRV,SVN,674.02,2008
POL,HRV,4536.05,2007
ROU,LVA,1957.86,2004
EST,HRV,6626.38,2004
FIN,AUT,7166.45,2008
BEL,HRV,3679.31,2019
AUT,SVN,6911.41,2004
ESP,LUX,687.13,2013
LVA,ROU,551.93,2014
MLT,SWE,7158.58,2017
FIN,SWE,2933.04,2012
DNK,AUT,1927.63,2016
SVK,FRA,4622.79,2009
DNK,NLD,4643.49,2012
LVA,BEL,1536.7,2003
MLT,SVN,3553.49,2010
HRV,GRC,4165.2,2005
AUT,BEL,2552.22,2013
POL,SVN,7512.18,2001
ITA,SWE,2040.94,2015
SVN,FRA,3058.64,2019
FRA,FRA,2930.45,2017
HRV,POL,8773.56,2003
IRL,HUN,986.48,2015
HRV,FIN,5410.75,2006
LVA,BGR,5475.49,2002
DNK,ESP,4697.63,2016
FIN,MLT,6978.07,2012
SVN,CZE,5762.66,2006
ROU,ROU,5637.82,2017
NLD,CYP,231.99,2004
AUT,BEL,6914.66,2009
CZE,PRT,2592.52,2019
LVA,DEU,6196.26,2003
SWE,FRA,5971.65,2013
AUT,NLD,3830.18,2003
EST,HRV,3354.41,2004
DEU,FRA,4250.75,2014
SWE,SWE,3996.11,2010
ROU,LVA,4752.97,2001
GRC,EST,6135.62,2001
NLD,IRL,475.23,2000
DNK,IRL,2558.26,2015
DEU,ITA,1246.1,2012
DNK,SVN,8379.65,2004
ITA,HRV,1512.31,2004
CZE,DNK,5715.14,2001
LUX,FRA,2737.18,2005
DNK,LUX,7269.41,2012
POL,SVN,5775.46,2004
LVA,NLD,6421.06,2008
EST,NLD,574.37,2013
SWE,LVA,3059.17,2000
NLD,SVN,6372.82,2009
BGR,HRV,2489.08,2007
POL,ROU,7680.57,2010
GRC,ITA,4604.14,2017
IRL,LVA,6465.09,2005
PRT,PRT,220.64,2020
SVN,BGR,4555.67,2012
BEL,ROU,3971.79,2012
HUN,HUN,6402.42,2006
CZE,NLD,1441.14,2004
EST,BEL,4268.42,2005
SWE,ESP,4266.81,2010
BEL,LTU,9566.84,2017
EST,AUT,8440.32,2008
SVK,SVK,2939.91,2011
CZE,SVK,3082.17,2014
CZE,AUT,1982.07,2017
ESP,GRC,2115.09,2014
CYP,ESP,7980.09,2000
CYP,SVN,2372.47,2015
BGR,POL,4060.42,2012
HUN,SVK,6515.86,2010
DEU,BGR,9601.93,2006
ROU,SWE,3186.47,2011
HRV,IRL,6231.36,2005
HUN,BEL,1949.41,2007
SVN,BGR,845.4,2014
DNK,ITA,1949.95,2011
SVK,FIN,8947.56,2009
PRT,AUT,3026.15,2017
BGR,CYP,5963.06,2013
NLD,FRA,7489.86,2018
NLD,DEU,5338.01,2008
CZE,NLD,123.63,2016
GRC,CZE,9674.11,2003
CZE,FIN,2504.8,2018
NLD,SVN,2212.34,2003
FRA,FIN,2261.07,2010
GRC,CYP,2642.01,2018
HUN,FRA,1777.62,2012
ROU,EST,9587.12,2019
EST,MLT,6887.77,2019
ROU,BEL,3443.89,2000
GRC,FIN,8615.45,2017
CYP,BEL,3189.05,2017
EST,LVA,1966.78,2016
ROU,BGR,3416.57,2006
HRV,BEL,8992.81,2007
CYP,NLD,3582.73,2020
GRC,LTU,6819.15,2018
CZE,GRC,1217.67,2013
LUX,GRC,3744.43,2020
HRV,HUN,1147.25,2009
ESP,POL,7785.63,2014
ESP,SWE,5789.42,2018
POL,BGR,3336.31,2006
GRC,FRA,5909.88,2007
EST,CYP,3928.69,2000
ITA,LTU,6098.06,2008
SVN,SVN,7014.67,2017
HUN,BGR,7576.62,2001
NLD,CZE,3761.52,2011
IRL,DNK,7034.62,2020
EST,IRL,4464.53,2017
GRC,ITA,9172.98,2011
SVK,POL,6272.7,2007
ROU,CZE,186.65,2016
LTU,HUN,9227.56,2009
GRC,PRT,6817.66,2014
CYP,HUN,8066.07,2018
FRA,HRV,1174.37,2004
ROU,AUT,5261.52,2009
BGR,ROU,5081.8,2016
CYP,LTU,8353.51,2016
DNK,ROU,6442.77,2012
SWE,LUX,2103.18,2005
SWE,SVK,7439.1,2013
GRC,BGR,9772.47,2004
HRV,SVN,5101.94,2017
NLD,ROU,512.48,2017
CYP,AUT,1966.78,2018
EST,SVK,3727.18,2002
ROU,BEL,6914.37,2004
MLT,CYP,3369.38,2008
DNK,DEU,5057.47,2005
GRC,CYP,9462.85,2020
AUT,IRL,4396.41,2007
SVK,BEL,4741.01,2015
AUT,LUX,170.76,2003
CZE,NLD,9240.57,2016
DEU,HUN,3242.06,2012
GRC,CYP,182.24,2010
DEU,AUT,7969.68,2015
AUT,ESP,296.03,2015
PRT,SVN,8029.11,2014
BGR,IRL,5509.44,2003
GRC,LVA,4981.35,2009
HUN,DEU,9281.56,2000
DNK,LVA,439.25,2009
IRL,HRV,1491.63,2004
MLT,LUX,1022.72,2019
SWE,FIN,802.6,2010
AUT,MLT,9324.64,2011
HRV,PRT,7556.98,2009
AUT,POL,2911.44,2015
EST,HUN,6018.7,2000
AUT,BGR,271.6,2009
MLT,LUX,5909.52,2007
CYP,LVA,8461.39,2012
FRA,FRA,5719.01,2004
ROU,MLT,7211.51,2009
IRL,LVA,58.08,2007
ITA,NLD,1163.48,2016
PRT,NLD,2062.86,2003
NLD,EST,2620.78,2011
ESP,ESP,5254.66,2016
IRL,ITA,8910.82,2006
HRV,FRA,1040.83,2015
MLT,CYP,1842.65,2002
EST,DNK,30.83,2017
HRV,HUN,675.24,2014
POL,BEL,3515.15,2004
LUX,SWE,1650.34,2012
POL,SVK,7480.25,2020
NLD,SVK,6312.33,2006
GRC,LTU,7111.96,2010
CZE,SWE,1645.61,2012
BEL,FRA,7611.92,2008
ITA,POL,5929.64,2016
BGR,LUX,3467.74,2011
LTU,DEU,518.39,2008
PRT,BGR,3929.25,2016
DEU,ITA,1048.71,2007
LVA,BEL,5633.61,2005
HUN,SVN,318.43,2002
GRC,FIN,5990.96,2011
ROU,ROU,8738.5,2018
LTU,CYP,810.78,2019
SVN,IRL,5179.17,2009
POL,HUN,3253.57,2003
CYP,SVN,3830.55,2004
HUN,ROU,1246.71,2019
SWE,DEU,2772.02,2016
ROU,POL,3980.65,2009
SVK,HRV,652.34,2014
DNK,PRT,4723.16,2004
DEU,ESP,2359.46,2013
BGR,FIN,9295.2,2007
BGR,SVK,459.68,2000
ITA,SVK,8540.39,2000
SVN,GRC,9476.89,2011
NLD,FRA,2748.08,2020
CZE,GRC,5220.34,2011
GRC,CYP,9787.91,2018
DNK,IRL,3536.77,2000
BGR,CZE,4123.62,2014
FRA,NLD,138.24,2015
ESP,LUX,9414.35,2000
ROU,POL,8530.23,2000
GRC,POL,3625.2,2005
ESP,EST,7954.35,2006
ROU,ITA,1584.46,2008
ITA,DEU,8783.49,2005
DNK,DEU,2860.69,2008
NLD,AUT,8327.36,2017
EST,BGR,5604.39,2005
SVK,CZE,7609.22,2014
AUT,NLD,4978.44,2020
ROU,SVN,90.63,2012
DEU,SVK,872.37,2004
BGR,LVA,2319.15,2000
LVA,ITA,553.23,2000
PRT,LVA,6746.61,2019
CZE,HUN,4410.48,2003
LVA,HRV,7207.52,2003
ROU,GRC,5040.44,2003
EST,GRC,6835.97,2019
FIN,FIN,6220.2,2006
BGR,SVN,1182.79,2000
FIN,NLD,3478.45,2005
BEL,CZE,7379.27,2012
POL,CYP,4180.94,2009
ITA,ITA,502.27,2003
GRC,LUX,5671.13,2008
BGR,HUN,8945.34,2007
IRL,BEL,9981.81,2020
ESP,SVN,6752.15,2020
BEL,CYP,4259.55,2019
CYP,LVA,626.4,2006
EST,LVA,667.24,2009
LTU,NLD,6403.81,2015
ROU,DNK,8804.56,2009
PRT,IRL,8249.19,2010
CZE,ITA,1762.9,2018
ITA,MLT,2839.81,2020
FRA,GRC,6051.15,2015
HUN,ESP,1859.13,2012
ROU,IRL,9509.17,2005
CZE,MLT,3096.17,2006
DNK,ESP,9543.03,2015
POL,MLT,1335.66,2019
SVN,DEU,2400.63,2013
CYP,DNK,7829.98,2015
DNK,BEL,5140.43,2003
FIN,GRC,849.99,2008
HRV,SWE,1913.25,2010
AUT,LTU,8165.52,2005
LTU,SVN,7970.47,2012
FRA,DEU,1993.38,2015
CZE,FIN,7168.23,2013
PRT,MLT,2583.37,2010
SVN,ITA,5594.64,2001
FRA,HUN,6252.96,2019
POL,BEL,6688.62,2018
DEU,GRC,3764.53,2013
BEL,SVK,6244.89,2018
FRA,POL,355.24,2000
CYP,GRC,4831.54,2007
BGR,BEL,6134.59,2020
ITA,DNK,7006.79,2002
CYP,NLD,5943.72,2004
BEL,BEL,4650.32,2011
POL,GRC,3942.36,2016
CYP,PRT,6452.9,2017
FRA,ITA,9649.65,2019
EST,SVK,4849.07,2003
SVN,ROU,2896.12,2003
CZE,AUT,5812.79,2016
EST,SVK,3642.56,2003
CYP,NLD,4038.91,2012
DEU,AUT,8700.52,2005
IRL,LUX,4578.64,2019
HUN,BGR,7261.77,2009
ESP,ESP,6160.99,2002
CYP,ROU,4989.04,2013
AUT,PRT,9832.38,2009
DNK,FRA,6006.84,2016
AUT,DEU,3900.52,2008
FRA,CZE,1341.14,2000
FRA,LUX,3460.33,2007
ROU,FRA,8493.26,2000
SVN,ITA,4890.95,2020
FIN,LVA,3208.44,2011
GRC,CZE,8549,2015
SWE,ESP,2031.84,2005
MLT,HRV,7932.37,2010
NLD,MLT,9917.95,2013
SWE,IRL,7174.57,2018
AUT,AUT,2807.31,2003
LUX,BGR,4419.83,2016
ITA,FIN,2364.76,2011
GRC,SVN,9269.2,2011
GRC,LTU,8384.11,2010
ROU,MLT,1919.64,2004
LTU,GRC,38.48,2013
CZE,SVN,818.91,2010
FRA,IRL,1571.25,2019
LUX,EST,7470.77,2015
SVN,SWE,3119.06,2000
HRV,CZE,2319.14,2013
SVK,PRT,1724.61,2009
GRC,BEL,4643.8,2018
MLT,LTU,6910.68,2001
LVA,SVK,4041.03,2008
HUN,ESP,2623.52,2008
POL,PRT,6014.3,2018
AUT,BGR,5160.12,2000
LTU,PRT,6667.8,2003
HUN,ESP,2651.48,2000
PRT,BGR,8509.03,2006
CZE,FRA,7385.67,2018
SVN,FRA,3461.1,2010
BEL,SVN,290.99,2019
GRC,GRC,5948.29,2000
LUX,BGR,9675.21,2019
HRV,POL,6685.72,2004
CYP,LUX,2787.7,2017
FRA,ROU,9369.91,2019
LVA,AUT,6883.97,2008
DNK,SWE,8740.91,2004
SVN,IRL,7278.73,2018
IRL,NLD,4053.8,2000
HUN,SVN,696.38,2006
MLT,HUN,5326,2007
AUT,ESP,2873.49,2004
DEU,LVA,8965.74,2003
IRL,BGR,1144.97,2002
LTU,GRC,7846.63,2001
GRC,DNK,8666.05,2019
SVK,DEU,9469.02,2014
DEU,SWE,108.15,2008
BGR,LVA,8989.05,2018
FIN,PRT,1756.21,2005
ROU,FRA,8142.58,2016
FRA,SWE,1180.8,2001
EST,LTU,2700.82,2004
SWE,LUX,4873.8,2019
CZE,MLT,3263.57,2009
BGR,ITA,3018.88,2019
ROU,LUX,5188.72,2001
FRA,DNK,5370.17,2010
BEL,HUN,5508.23,2010
HUN,DEU,1353.08,2013
ESP,AUT,8719.68,2004
AUT,ESP,3903.53,2001
EST,PRT,7208.55,2003
FRA,BEL,619.9,2015
ROU,GRC,6939.15,2015
LVA,LUX,6088.48,2000
BGR,SWE,9154.33,2005
POL,HRV,8985.9,2014
SVN,HRV,3910.7,2001
SVK,SVK,895.6,2014
BEL,EST,6048.93,2016
CYP,ROU,7444.35,2015
LVA,ESP,9760.74,2005
GRC,HUN,1480.44,2017
SWE,LTU,6366.76,2000
AUT,CZE,4203.75,2020
FRA,CZE,8752.2,2004
BGR,PRT,123.65,2007
LTU,EST,1645.15,2003
HUN,BEL,61.38,2009
LTU,DNK,7033.09,2019
MLT,ITA,3832.54,2000
NLD,HRV,7205.03,2000
SVN,FIN,7903.81,2008
POL,BEL,7237.56,2019
IRL,BGR,1992.51,2000
LUX,POL,7198.09,2018
ROU,MLT,9398.93,2019
DNK,EST,7504.83,2010
GRC,PRT,4418.92,2005
HUN,ESP,7302.27,2011
LUX,IRL,2203.87,2005
SVN,EST,3640.11,2005
CYP,HRV,6263.36,2005
NLD,DEU,4381.33,2011
HUN,SVK,5866.93,2020
SVN,BEL,7351.79,2012
PRT,FRA,1977.21,2020
CZE,HUN,3763.42,2004
ROU,HUN,8323.01,2011
HRV,GRC,546.05,2001
PRT,BGR,4615.56,2017
DEU,DEU,4867.21,2019
LVA,NLD,7855.53,2020
BGR,IRL,5000.84,2005
BEL,IRL,6277.54,2008
FRA,FIN,2588.81,2009
BGR,LTU,8002.9,2002
SVK,ITA,683.93,2010
SVN,MLT,2951.7,2019
LVA,NLD,7583.56,2002
SVN,BGR,3968.24,2017
SVK,GRC,7348.41,2017
ROU,BEL,5996.34,2007
GRC,DNK,4379.06,2003
ROU,ESP,9885.58,2016
MLT,CZE,8012.96,2007
FRA,BGR,7527.01,2002
CYP,SVK,7507.15,2016
POL,SVK,4087.72,2003
ESP,CZE,3380.67,2016
BGR,HRV,2608.92,2012
DEU,CZE,5359.5,2011
BGR,POL,4176.87,2017
EST,ESP,2016.43,2009
LTU,IRL,8139.44,2001
CYP,ITA,4862.39,2004
AUT,BEL,6892.75,2008
POL,SVK,9256.11,2005
HRV,BEL,1856.97,2009
NLD,ESP,8045.32,2007
ESP,LVA,9591.6,2016
AUT,BGR,4102.76,2003
BGR,CZE,468.38,2012
CYP,DNK,4138.3,2012
BEL,LUX,2219.83,2019
CZE,CZE,7156.11,2016
ITA,ESP,1595.36,2007
BEL,IRL,7595.95,2006
IRL,BEL,9464.85,2007
LTU,EST,906.28,2003
NLD,MLT,8109.1,2012
DNK,CZE,2924.13,2007
FRA,EST,4899.98,2002
GRC,HRV,5341.35,2012
NLD,DEU,6956.75,2010
CYP,MLT,2629.45,2016
FRA,IRL,9670.88,2003
FIN,FRA,9371.29,2015
ROU,ROU,9789.47,2019
HRV,POL,9397.43,2002
EST,ITA,4812.67,2015
CZE,AUT,2323.7,2004
POL,FIN,2254.04,2008
BEL,EST,4273.55,2019
EST,ESP,2587.41,2012
LVA,BEL,9564.17,2007
POL,LUX,2155.46,2019
LVA,SVK,3874.58,2002
SVK,SVK,9795.34,2010
ESP,ITA,5139.78,2007
LUX,NLD,5435.51,2018
BEL,SVK,6880.81,2012
DEU,POL,8878.07,2013
DNK,MLT,2868.54,2013
CZE,PRT,4409.07,2008
NLD,EST,7924.72,2007
BEL,BEL,1849.86,2008
GRC,SVN,3579.39,2013
IRL,ITA,6007.15,2016
LTU,DNK,7171.46,2008
SVN,LUX,2949.25,2011
IRL,FIN,7340.5,2018
PRT,IRL,2169.51,2001
BGR,FRA,6794.07,2011
BGR,SVN,1820.58,2002
ESP,FIN,6858.8,2001
HRV,LTU,7353.21,2020
NLD,POL,4104.84,2002
GRC,ESP,5479.68,2011
HRV,DEU,2045.92,2000
SVN,GRC,9989.98,2002
PRT,CYP,5084.92,2008
MLT,ITA,9960.21,2001
FRA,PRT,8681.9,2018
FRA,AUT,2921.7,2005
BEL,SWE,7259.84,2016
NLD,ROU,287.43,2015
NLD,IRL,2704.42,2001
LVA,SVN,7048.21,2017
AUT,PRT,8611.12,2018
GRC,SVK,5918.83,2018
FIN,SWE,6642.04,2011
GRC,ROU,7375.76,2017
PRT,CYP,1444.29,2003
PRT,SVK,4528.53,2017
FIN,FIN,5295.51,2007
ITA,BEL,6951.28,2015
HUN,LUX,6085.56,2016
ROU,LTU,4819.33,2000
BEL,ESP,4123.52,2016
FRA,AUT,2757.21,2010
FIN,POL,8391.52,2009
SVK,ESP,9907.02,2006
PRT,PRT,2016.26,2013
FIN,PRT,9443.25,2009
BGR,EST,5991.65,2004
AUT,LUX,146.19,2003
DNK,FRA,3896.9,2005
CYP,LTU,5665.54,2019
ESP,IRL,2857.04,2007
SVK,SWE,2768.39,2018
MLT,ROU,8594.81,2006
DEU,GRC,8484.43,2004
LUX,DEU,6987.41,2000
SVN,CYP,6628.49,2006
EST,PRT,2391.73,2002
HUN,SWE,2151.9,2019
ITA,EST,9202.14,2003
SWE,NLD,3637.08,2006
LVA,DEU,3703.29,2020
SVK,FIN,3735.47,2019
LVA,LTU,3851.76,2013
SVN,FRA,681.48,2004
CYP,SWE,1435.4,2010
ROU,HRV,6751.09,2004
ROU,ITA,3725.43,2016
LTU,BEL,7705.15,2017
NLD,LUX,3153.33,2019
SVN,DNK,5138.5,2019
HRV,NLD,2380.76,2007
EST,EST,6776.36,2012
FRA,EST,8239.81,2001
NLD,DNK,2177.47,2012
ESP,SVK,9460.51,2001
SVN,GRC,778.3,2007
LTU,SVK,8393.2,2000
SWE,HUN,3719.09,2010
IRL,ITA,4612.83,2010
SVN,SWE,4232.56,2003
SVN,POL,7571.94,2000
POL,LTU,5338.33,2006
HRV,GRC,6406.55,2018
ROU,MLT,4138.98,2019
MLT,SWE,426.88,2019
LTU,NLD,1992.88,2003
CYP,BEL,4047.97,2017
ESP,DEU,1163.94,2011
ROU,CZE,4402.43,2016
FRA,SVK,8208.3,2018
GRC,SWE,7948.4,2017
LUX,MLT,4427.7,2002
FRA,FRA,1943.85,2018
AUT,BEL,5297.48,2019
GRC,BEL,9960.07,2014
ROU,EST,7281.63,2012
LVA,CYP,2353.96,2012
HRV,DEU,3924.42,2020
LUX,ITA,6479.83,2006
HUN,LTU,4960.77,2013
PRT,SVN,6945.03,2016
MLT,DNK,1932.17,2011
SVK,FRA,1104.13,2015
HRV,EST,2929.7,2010
SVN,AUT,6601.06,2001
LUX,ESP,7268.68,2018
ESP,POL,3412.28,2001
SVN,GRC,2558.62,2005
NLD,LTU,5089.52,2020
GRC,LUX,4681.15,2020
BGR,GRC,6826.47,2003
CZE,BGR,8204.11,2004
IRL,FRA,3809.21,2018
POL,DNK,5733.91,2018
SVK,NLD,6776.44,2014
SVK,LVA,8179.24,2014
GRC,ESP,5483.96,2017
SWE,EST,1384.77,2012
POL,PRT,606.59,2014
SVN,CYP,9287.11,2008
BGR,NLD,6136.16,2001
GRC,LUX,7481.52,2011
DEU,HUN,932.36,2018
LUX,ESP,585.58,2017
IRL,HRV,8511.26,2020
SVN,LTU,1895.8,2014
ROU,LTU,6054.12,2015
POL,BEL,1248.5,2012
CZE,BEL,6181.26,2009
EST,EST,221.14,2014
ROU,ESP,1679,2014
GRC,LUX,6813.67,2014
PRT,NLD,7251.72,2012
DEU,LUX,1373.36,2013
LVA,ESP,6884.95,2004
LVA,GRC,6620.84,2016
SVN,AUT,6621.93,2011
SWE,ITA,1277.75,2003
SVK,DEU,3705.68,2016
CYP,SWE,2138.02,2008
PRT,AUT,2738.47,2012
ROU,EST,4321.39,2015
CZE,SVK,350.85,2009
ESP,SVK,7491.09,2005
BEL,LVA,174.15,2017
AUT,SWE,6631.57,2003
SVN,CZE,3542.67,2007
CZE,AUT,7557.42,2017
LUX,ITA,7745.35,2016
BGR,POL,6273.46,2011
CZE,IRL,8746.99,2012
ROU,NLD,356.9,2014
BGR,HRV,217.65,2008
CYP,ESP,3488.61,2015
BGR,HUN,5299.16,2005
BGR,HUN,8794.61,2000
POL,POL,9897.07,2000
IRL,ESP,2345.2,2001
SVN,DNK,2157.66,2018
NLD,FIN,8963.11,2002
IRL,IRL,9121.47,2004
LVA,SVN,9526.34,2016
SVK,PRT,3482.24,2009
PRT,CZE,9330.25,2017
LTU,NLD,4604.59,2009
MLT,LUX,1464.03,2005
GRC,LTU,3514.3,2009
FIN,EST,4665.45,2016
PRT,DEU,3518.34,2002
BEL,DNK,3011.27,2006
ITA,EST,7338.15,2011
LVA,CZE,2400.19,2007
LTU,ITA,7178.15,2015
PRT,ITA,3774.26,2013
PRT,IRL,4384.24,2020
GRC,SWE,1307.43,2014
BEL,CZE,4903.94,2001
ROU,ESP,1028.89,2020
ROU,SWE,9235.55,2011
DEU,EST,6276.45,2006
HRV,ESP,2827.67,2010
POL,FIN,7603.9,2016
SWE,SWE,28.85,2006
AUT,NLD,1469.21,2013
SVN,LTU,1951.8,2011
IRL,BGR,2812.54,2002
CZE,ITA,9708.36,2008
IRL,BGR,7826.53,2008
CZE,FIN,4647.29,2020
SVK,IRL,659.46,2002
SVK,FRA,577.3,2012
LVA,MLT,9257.27,2014
FIN,BEL,6818.38,2016
HRV,CYP,6596.62,2013
IRL,PRT,4247.18,2013
CYP,HRV,6889.89,2014
LTU,CZE,4351.04,2016
LVA,BGR,3806.39,2009
NLD,IRL,41.48,2008
FRA,DEU,3873.46,2003
DNK,SWE,5748.02,2012
BEL,DEU,2815.57,2018
GRC,BGR,1916.14,2008
FRA,ROU,2930.59,2005
GRC,CYP,9424.17,2018
ROU,MLT,1006.58,2018
SVK,IRL,2709.26,2006
DEU,NLD,3212.47,2006
ROU,ROU,7127.54,2019
POL,SWE,7846.72,2017
DEU,NLD,4329.63,2019
HRV,LTU,2612.42,2017
ITA,GRC,1825.16,2017
CZE,SVN,3455.16,2020
DEU,IRL,8775.29,2004
PRT,LTU,1034.12,2011
LTU,MLT,6695.66,2020
ESP,IRL,8805.34,2019
EST,BEL,9555.99,2001
HRV,SVN,4987.84,2008
POL,SVN,2705.43,2020
CZE,ROU,9979.55,2000
MLT,LVA,9024.27,2018
ITA,ITA,6487.24,2009
FRA,CZE,8922.63,2005
NLD,EST,9206.1,2013
POL,EST,9047.88,2009
FRA,SWE,5036.27,2004
GRC,NLD,4096.45,2004
AUT,AUT,8007.67,2009
POL,BEL,7562.16,2020
SVN,FIN,83.87,2005
FRA,FIN,7215.99,2004
DEU,DNK,1856.05,2018
FRA,AUT,6129.72,2008
DNK,ESP,6141.24,2012
CYP,MLT,307.72,2013
BEL,PRT,554.37,2019
AUT,CYP,1140.53,2003
ROU,BEL,5095.67,2007
POL,HRV,7342.38,2006
PRT,LTU,5755.11,2006
MLT,BGR,2283.96,2007
IRL,SWE,3426.03,2000
AUT,NLD,8881.33,2002
MLT,NLD,7793.6,2009
ITA,CZE,694.79,2003
DEU,SVN,8846.25,2008
DEU,LTU,7292.39,2011
DNK,DNK,2114.32,2016
AUT,POL,4998.61,2012
FRA,PRT,7334.59,2001
ITA,PRT,8817.4,2005
PRT,CYP,7707.33,2000
CZE,POL,2807.95,2008
DNK,ITA,9946.71,2018
DEU,NLD,6350.23,2008
CYP,POL,706.65,2002
LTU,FRA,5634.79,2000
GRC,SVK,5755.45,2004
ESP,GRC,2464.54,2017
SVN,FIN,6099.36,2019
CZE,DEU,9851.6,2019
DEU,PRT,4311.39,2006
ESP,SWE,7177.19,2006
CZE,PRT,1534.86,2007
NLD,SVK,5335.14,2005
ROU,HUN,3519.75,2008
ROU,SVN,6680.85,2006
HUN,LUX,749.05,2007
CZE,DEU,1388.44,2008
HRV,SWE,9210.54,2018
HUN,SVN,7553.02,2005
IRL,ESP,8061.2,2007
DNK,HRV,3838.76,2007
HUN,MLT,7576.33,2008
SVK,HUN,9306.48,2008
HUN,NLD,4487.59,2015
LVA,DEU,1312.66,2005
AUT,HRV,4188.35,2007
LTU,AUT,8212.58,2001
PRT,LTU,7284.11,2001
IRL,LVA,7446.57,2006
CYP,DEU,7187.57,2001
FRA,BGR,2892.28,2001
FRA,HUN,7069.72,2011
CYP,DNK,4974.59,2019
HRV,ROU,4694.79,2015
DNK,HRV,4035.49,2010
LUX,NLD,8963.01,2009
HRV,AUT,6106.3,2001
ESP,SWE,4524.86,2004
DEU,HUN,1522.53,2011
NLD,NLD,1666.66,2018
IRL,ESP,7328.13,2004
BGR,SVK,9570.83,2008
HUN,HUN,7961.21,2018
POL,DEU,7451.29,2020
AUT,BGR,3466.58,2019
BGR,FIN,8278.07,2008
ESP,LTU,8906.9,2000
ESP,BGR,96.07,2013
ITA,IRL,4056.72,2017
BEL,HUN,4112.99,2002
SWE,LVA,6382.16,2020
LVA,HUN,9995.42,2011
SWE,FIN,3487.87,2009
CZE,BGR,5818.07,2013
BEL,MLT,179.25,2007
SWE,ESP,4247.2,2008
SVK,EST,5938.07,2017
ROU,MLT,1016.1,2005
POL,POL,3959.35,2011
CYP,SVN,9521.06,2005
SVN,HRV,7366.94,2018
LTU,ROU,3188.14,2008
DNK,LTU,387.58,2014
ROU,GRC,1765.62,2006
LVA,CZE,9766.98,2002
FIN,FIN,8912.64,2009
HRV,FIN,8857.81,2016
LUX,CZE,171.42,2016
CZE,DEU,7980.86,2005
MLT,ESP,6580.75,2020
MLT,DNK,1475.94,2017
IRL,FRA,4715.17,2000
ROU,CZE,2752.53,2009
HUN,SVK,1762.51,2001
DNK,FRA,8818.2,2013
NLD,SWE,9194.15,2002
FIN,EST,2196.35,2007
BGR,ROU,9083.6,2002
LUX,HUN,6223.46,2019
SVK,IRL,1246.61,2003
SVN,GRC,1173.25,2006
BEL,POL,9567.16,2000
IRL,ITA,2085.37,2007
LTU,ROU,9621.89,2000
BEL,SVN,5016.6,2010
IRL,SVN,6312.5,2012
NLD,LUX,6907.84,2017
BEL,LTU,3527.91,2000
SVK,ROU,4109.93,2017
DNK,EST,3528.91,2017
EST,POL,5908.85,2009
ESP,BGR,2237.05,2019
SVK,FRA,2160.94,2015
HRV,CYP,5821.6,2012
LUX,ROU,2858.41,2003
IRL,AUT,8284.83,2007
HRV,CYP,5446.69,2001
CYP,EST,5536.03,2008
POL,EST,1694.02,2009
LTU,ESP,9569.57,2015
BGR,FRA,1162.34,2013
LTU,HRV,4013.22,2000
BGR,BGR,6270.49,2000
FIN,FRA,7247.06,2017
SWE,LVA,3556.25,2001
FIN,GRC,8781.76,2006
HUN,EST,4314.49,2008
FRA,BEL,2815.93,2000
FIN,ESP,3938.46,2008
LVA,FRA,812.02,2004
FIN,FIN,7745.51,2015
LUX,LUX,94.51,2001
POL,IRL,5319.33,2015
SWE,AUT,4824.52,2012
IRL,BGR,1068.02,2007
FRA,FIN,9687.01,2003
CZE,SVN,1383.33,2013
LUX,BEL,1118.73,2002
BGR,GRC,7387.19,2003
IRL,SVN,6763.83,2006
BEL,BEL,3973.42,2001
NLD,AUT,1120.84,2012
CYP,SVK,1783.04,2005
HRV,FRA,6044.12,2011
FIN,HRV,9955.2,2008
ROU,CZE,8389.3,2003
BEL,FRA,1972.93,2007
LVA,HUN,7880.48,2017
AUT,HRV,5593.83,2015
SVK,ITA,5668.13,2011
CZE,SVK,5628.48,2019
POL,AUT,1461.42,2020
BGR,LVA,4125.72,2015
ESP,CYP,247.62,2005
BGR,SWE,7662.54,2019
LUX,FRA,9494.23,2001
BEL,SWE,1353.2,2014
HRV,EST,5684.66,2015
BGR,CZE,1708.53,2008
MLT,LUX,1057.63,2009
LUX,SVK,22.42,2013
HRV,IRL,9246.94,2006
BGR,DNK,8367.31,2016
PRT,POL,5096.98,2008
NLD,AUT,9016.28,2006
PRT,HUN,5213.51,2015
LUX,LTU,2305.96,2017
HRV,SVK,5116.86,2009
IRL,HRV,4969.18,2015
POL,CZE,5043.18,2013
HUN,LUX,3674.82,2006
LTU,IRL,8372.86,2016
MLT,HUN,3608.12,2000
GRC,ROU,552.44,2012
AUT,CZE,6584.05,2016
SVK,GRC,2868.17,2013
NLD,GRC,7389.15,2016
DNK,HRV,8548.01,2017
AUT,ROU,992.77,2019
DEU,CYP,6182.35,2003
ESP,AUT,3630.28,2020
LTU,POL,9559.46,2017
NLD,EST,2288.49,2014
CYP,LUX,5662.67,2011
POL,SVN,2320.39,2014
DEU,ITA,2525.59,2006
LTU,BGR,6780.13,2003
GRC,BEL,9252.01,2004
MLT,DNK,8343.87,2014
LUX,NLD,699.63,2015
GRC,SVN,209.71,2012
LTU,EST,5399.93,2000
MLT,GRC,992.47,2014
BGR,BGR,9596.63,2010
IRL,ROU,4528.77,2013
DEU,LUX,504.63,2014
FRA,ROU,9248.94,2002
MLT,FIN,4488.79,2013
LVA,DEU,7140.78,2011
ESP,FRA,1034.14,2016
BEL,ESP,1810.34,2005
HRV,CYP,1451.64,2000
NLD,SVN,1532.59,2019
FRA,ITA,4665.48,2001
EST,EST,6318.54,2019
MLT,SVN,4769.45,2005
DNK,IRL,7419,2013
POL,LTU,1964.61,2011
LTU,LUX,1588.15,2001
DEU,SWE,864.8,2011
EST,CZE,3340.07,2010
CYP,PRT,6353.73,2005
DNK,CZE,9479.91,2006
LTU,HRV,7089.86,2017
CZE,LVA,3556.35,2019
LTU,NLD,9774.63,2015
BGR,DEU,270.15,2013
BGR,SVK,8156.64,2009
SVN,CZE,4681,2017
HRV,ITA,9396.28,2015
ITA,SVK,3899.22,2008
HRV,SVK,8152.85,2019
LVA,ROU,8993.27,2011
HUN,MLT,1049.9,2001
SVK,LTU,4457.27,2018
FRA,DEU,8334.45,2006
DNK,EST,8887.12,2012
POL,POL,8939.36,2019
EST,CYP,9890.98,2001
ROU,DEU,1780.39,2009
BGR,LVA,7115.46,2009
CZE,ROU,8724.74,2018
POL,ROU,4490.38,2007
GRC,NLD,866.09,2004
LUX,LVA,2806.51,2001
GRC,BGR,3176.36,2004
HUN,ESP,5682.52,2001
LTU,BEL,757.84,2005
FIN,CYP,6451.24,2010
POL,FRA,4995.04,2011
ESP,EST,686.52,2009
GRC,POL,7095.6,2009
HRV,FIN,7416.41,2001
ROU,LUX,9822.12,2004
ITA,MLT,1574.73,2008
FIN,SWE,6476.63,2010
FRA,SWE,8370.92,2018
IRL,FRA,9024.85,2002
ROU,LUX,7728.84,2007
ESP,FIN,1810.05,2003
GRC,NLD,2226.75,2019
CZE,ESP,446.61,2017
LTU,DEU,3494.08,2004
POL,LUX,995.07,2008
LUX,SVN,1478.76,2020
DEU,ITA,2264.96,2003
LUX,BEL,7990.22,2002
GRC,IRL,8662.67,2018
DEU,FRA,5368.03,2008
MLT,LUX,6016.91,2012
FRA,CYP,2192.21,2003
CZE,DNK,2235.37,2012
IRL,LVA,5169.08,2018
LVA,NLD,7210.18,2015
LUX,HUN,2448.86,2000
LVA,BEL,1615.71,2013
CZE,LVA,4387.67,2000
ROU,MLT,568.23,2003
FRA,LUX,7552.41,2014
ESP,HRV,2033.3,2007
MLT,HRV,976.51,2015
AUT,MLT,6678.26,2020
BEL,SWE,6369.73,2019
CZE,GRC,3005.41,2020
ESP,HRV,7192.99,2008
CZE,DEU,3058.74,2004
FRA,LVA,3497.22,2011
EST,PRT,7756.37,2015
HUN,SVK,311.54,2018
LUX,ESP,2951.69,2017
BGR,HUN,1939.32,2008
PRT,LTU,8362.91,2002
GRC,FIN,2281.14,2007
NLD,HUN,995.72,2004
NLD,FIN,4925.83,2007
GRC,NLD,1737.85,2018
ESP,DEU,7348.61,2010
POL,LTU,9502.89,2002
HRV,CYP,3244.63,2019
PRT,ROU,2727.71,2018
LUX,NLD,9704.7,2005
SVK,HRV,7833.54,2007
LTU,DNK,4938.95,2018
CYP,POL,864.82,2013
NLD,GRC,9705.93,2018
NLD,HUN,9661.41,2020
EST,GRC,2903.91,2019
EST,MLT,9456.34,2019
AUT,HRV,279.2,2010
AUT,AUT,3765.37,2014
LUX,SVN,584.47,2001
BGR,LVA,9958.14,2007
FIN,BGR,235.19,2014
ROU,ITA,4421.11,2007
SWE,DNK,1911.55,2010
PRT,PRT,1167.68,2002
IRL,AUT,4561.18,2003
NLD,NLD,1820.52,2008
ESP,DEU,8482.92,2010
ESP,LTU,9316.09,2019
MLT,HUN,4055.57,2003
MLT,ITA,9781.39,2006
BGR,AUT,7824.05,2017
MLT,BEL,5951.04,2018
DEU,CZE,5909.08,2017
HUN,CYP,3961.01,2014
CYP,FIN,9032.13,2017
IRL,IRL,7913.77,2004
ROU,CYP,2796.99,2011
CYP,MLT,9220.3,2006
HUN,PRT,5240.82,2002
SVN,HUN,8648.89,2016
LVA,SVK,1058.54,2009
MLT,BGR,2267.17,2005
LUX,HUN,6155.38,2001
AUT,FRA,8196.75,2008
AUT,DNK,4847.03,2019
ESP,HRV,3030.89,2004
POL,NLD,2138.13,2009
HUN,BEL,5587.39,2015
SVK,BEL,6048.83,2014
LVA,SVK,7092.79,2015
HUN,CZE,7916.91,2006
FRA,NLD,7569.96,2019
GRC,ITA,6416.8,2002
GRC,SVK,1312.74,2017
LVA,CYP,2021.88,2008
ESP,AUT,986.9,2019
SWE,EST,7284.9,2018
POL,AUT,8879.18,2012
CZE,ESP,4521.88,2001
GRC,LUX,3657.63,2019
ROU,DNK,7299.46,2012
CZE,CYP,4158.05,2015
SWE,SVK,4819.5,2003
PRT,EST,3020.49,2020
ROU,GRC,4442.8,2005
IRL,SWE,6615.48,2009
NLD,IRL,9001.82,2016
FIN,ROU,2024.61,2000
PRT,CYP,4059.88,2000
AUT,AUT,709.68,2014
LUX,ROU,9256.94,2002
PRT,HRV,5840.79,2011
ITA,MLT,8582.61,2000
SVN,HUN,3771.41,2018
AUT,ITA,8216.74,2016
HRV,AUT,4599.46,2000
SWE,IRL,1518.28,2014
SVN,SVK,1254.98,2003
FRA,BEL,9305.47,2008
FRA,MLT,1646.65,2001
ROU,AUT,6637.38,2015
DNK,NLD,307.2,2018
ESP,CZE,2337.18,2004
FRA,AUT,5813.63,2016
POL,AUT,1054.37,2018
HUN,MLT,7893.09,2001
EST,MLT,6593.57,2006
LVA,FIN,1176.27,2008
AUT,HUN,9993.84,2013
DEU,EST,2226.57,2016
IRL,CYP,1774.2,2007
PRT,DNK,3317.59,2020
DNK,ESP,4367.39,2001
FIN,SVN,8045.54,2004
SVK,LVA,5257.66,2004
HUN,BGR,170.46,2018
ROU,CYP,2753.12,2002
CZE,CZE,1461.7,2006
LVA,FRA,7258.19,2011
MLT,POL,5461.64,2007
DNK,CYP,5430.4,2000
AUT,IRL,8987.36,2005
EST,BGR,5910.49,2011
PRT,ROU,6484.58,2017
IRL,HRV,1408.65,2011
LTU,MLT,5989.26,2001
LUX,DEU,4801.32,2014
CYP,AUT,7121.27,2018
MLT,BEL,7673.93,2005
BGR,DEU,1434.19,2013
CZE,AUT,672.91,2015
NLD,LUX,6530.58,2017
FIN,LTU,4729.27,2003
FIN,SVN,2738.9,2002
ROU,CYP,4334.57,2001
FRA,HRV,1971.33,2007
FIN,EST,4814.97,2004
FRA,ESP,6537.02,2003
LUX,DNK,7713.51,2020
AUT,SVN,5711.48,2015
CYP,FIN,1335.59,2003
DEU,AUT,8325.34,2011
LVA,SVK,2571.77,2019
DNK,LTU,8765.78,2015
SVN,FIN,2546.97,2005
FIN,IRL,2600.92,2017
NLD,BGR,529.63,2003
ESP,ITA,3200.57,2008
AUT,LVA,1007.33,2000
MLT,DEU,9178.09,2020
ROU,BGR,7462.45,2020
GRC,LUX,48.63,2001
CYP,SWE,8471.51,2015
SVK,FRA,4520.52,2011
IRL,FRA,291.47,2015
MLT,GRC,569.46,2015
BGR,LVA,6513.95,2006
ROU,HUN,8257.8,2002
CZE,SVN,9489.63,2003
LTU,SWE,4543.39,2013
NLD,EST,4793.43,2018
CYP,IRL,1574.2,2016
SVK,ITA,1543.4,2014
HRV,SWE,2207.54,2013
GRC,BGR,5733.07,2014
GRC,GRC,8643.74,2001
DEU,MLT,9486.03,2005
LUX,LVA,1505.04,2006
SVN,FIN,6468.89,2016
POL,LUX,8531.23,2013
DEU,MLT,8442.04,2019
MLT,MLT,6920,2007
FIN,EST,4067.99,2003
ROU,ESP,110.67,2008
GRC,IRL,4520.79,2007
POL,FRA,5766.35,2015
SVN,SWE,9153.92,2017
NLD,CZE,4252.96,2009
GRC,EST,7170.22,2016
LVA,POL,421.74,2004
LVA,GRC,7394.66,2008
FIN,SVN,1700.98,2001
LVA,FIN,4606.03,2012
CYP,NLD,2707.67,2005
BGR,FIN,3088.27,2005
BGR,NLD,3006.95,2011
FIN,ROU,2634.11,2020
LVA,SWE,6316.96,2006
CYP,CYP,3896.58,2001
LVA,PRT,8600.58,2004
BEL,IRL,4249.49,2000
BEL,ESP,391.95,2004
AUT,ESP,8759.65,2004
BEL,LVA,9927.34,2017
FIN,SVK,797.78,2016
ITA,ROU,2814.53,2013
PRT,HRV,3147.62,2004
LTU,ROU,6545.18,2015
FRA,LVA,4528.9,2002
BEL,FIN,2743.99,2016
IRL,GRC,5599.97,2006
NLD,IRL,2471.18,2012
ESP,SWE,8692.84,2011
NLD,DNK,8102.6,2013
ROU,SVN,5674.77,2016
EST,ESP,2061.75,2019
SWE,NLD,5211.85,2020
DEU,SWE,9398.81,2017
SWE,MLT,9953.39,2014
POL,LVA,1285.7,2007
IRL,POL,1693.46,2011
DEU,HUN,2715.69,2013
EST,FRA,2803.31,2000
ESP,DNK,1228.84,2014
LTU,HRV,4816.65,2005
SVN,NLD,33.92,2004
SVN,PRT,9549.56,2001
HUN,AUT,3686.9,2001
PRT,ITA,6620.57,2003
CYP,FRA,7235.11,2003
LUX,SVN,5013.37,2001
EST,BGR,8824.55,2001
EST,PRT,9389.53,2009
DEU,GRC,210.13,2014
PRT,ESP,8530,2017
IRL,CYP,8967.11,2000
BEL,LTU,7470.36,2020
ESP,MLT,5003.39,2006
ESP,AUT,8051.92,2001
HUN,SWE,3694.79,2020
CZE,SVK,1435.37,2007
LVA,FIN,7554.81,2006
IRL,SVN,1063.26,2001
NLD,HUN,4831.79,2019
FIN,HUN,4771.55,2005
LTU,BEL,5556.96,2014
ITA,DNK,9517.41,2011
DNK,CYP,7685.44,2000
PRT,ROU,117.47,2009
SVK,ESP,7600.94,2006
CZE,FIN,5077.52,2013
HUN,PRT,5392.44,2007
LUX,ROU,4826.38,2015
LTU,SVK,3340.36,2016
CZE,DEU,941.88,2009
HRV,CYP,1900.88,2005
HRV,HUN,5415.87,2013
CYP,LTU,2453.2,2008
PRT,LVA,299.37,2019
DNK,IRL,5364.56,2001
GRC,SVN,7752.45,2006
LTU,AUT,6862.44,2018
LVA,MLT,1959.75,2000
ITA,FIN,4169.85,2020
BEL,LVA,5824.92,2015
CZE,PRT,4331.04,2011
FRA,ESP,5376.75,2003
LVA,IRL,1643.38,2020
GRC,DEU,4369.05,2008
NLD,BGR,1731.76,2020
EST,AUT,9866.59,2001
GRC,CZE,5996.15,2009
BEL,DNK,6367.77,2017
PRT,IRL,9734.2,2016
BEL,POL,460.25,2008
DNK,DNK,4246.97,2010
DNK,ESP,7267.58,2000
AUT,BGR,440.15,2002
FIN,CYP,6212.31,2010
CZE,ROU,4580.24,2005
GRC,ROU,318.1,2002
LUX,EST,973.4,2015
HRV,SVN,8704.71,2017
LTU,FRA,345.01,2013
LTU,PRT,7957.11,2005
FIN,POL,1150.1,2004
LVA,NLD,35.71,2020
FRA,GRC,484.57,2002
HRV,SVK,7389.6,2009
MLT,BGR,7039.77,2020
FRA,HUN,4338.61,2015
AUT,LVA,5941.53,2001
HUN,HRV,1538.75,2010
LUX,FIN,6852.1,2016
BEL,LVA,3290.55,2007
FIN,EST,1264.24,2013
DEU,EST,7283.18,2004
DEU,POL,3208.34,2016
SWE,HRV,7800.17,2008
EST,BGR,5474.18,2008
GRC,POL,1760.77,2002
EST,GRC,9061.41,2017
DNK,DEU,5312.21,2013
DNK,SWE,3983.4,2001
EST,NLD,2793.33,2011
EST,SWE,4647.65,2004
LUX,ITA,8896.08,2017
PRT,LUX,2079.51,2011
ROU,GRC,7160.73,2014
SVK,ROU,899.87,2015
SWE,MLT,3259.27,2005
SVK,CZE,913.39,2019
ITA,SWE,2199.36,2003
SWE,FRA,5392.75,2017
MLT,IRL,52.52,2020
GRC,IRL,351.28,2019
LUX,ITA,6735.22,2015
HRV,BEL,5238.87,2000
GRC,AUT,8309.24,2018
SWE,BEL,3200.28,2015
BGR,POL,5782.61,2002
AUT,POL,3921.23,2004
DNK,AUT,3569.32,2006
NLD,DEU,6490.19,2008
AUT,LVA,8455.5,2020
GRC,DEU,8915.08,2012
GRC,SVK,7889.36,2010
SVN,BEL,8939.57,2014
ESP,ESP,6476.31,2004
LUX,SVK,8609.89,2002
EST,ESP,4957.34,2015
NLD,HRV,2519.72,2019
NLD,AUT,7958.46,2016
GRC,EST,5896.43,2005
POL,DNK,2717.85,2001
SWE,NLD,4463.79,2011
POL,GRC,4815.38,2016
ITA,LVA,5692.6,2013
DNK,SWE,493.66,2011
IRL,CZE,4151.89,2001
PRT,MLT,7791.4,2005
HUN,CYP,8657.1,2008
SVK,BEL,3800.21,2009
MLT,IRL,9673.63,2016
CYP,MLT,1255.25,2015
SWE,HUN,3290.75,2005
CZE,EST,6110.32,2001
MLT,AUT,5546.34,2014
BGR,LVA,2861.1,2006
POL,PRT,5072.02,2016
CYP,AUT,3669.2,2014
HRV,HRV,2796.74,2010
DEU,IRL,5838,2011
GRC,MLT,7940.69,2016
GRC,CZE,8513.55,2007
BGR,CYP,5703.49,2012
ROU,ESP,7313.4,2017
GRC,EST,9569.52,2008
HRV,DNK,4422.33,2012
POL,SVN,6106.35,2019
POL,AUT,4876.77,2019
NLD,SWE,1235.86,2011
DEU,FIN,5303.13,2019
FIN,IRL,1937.37,2008
SWE,SVK,8281.93,2017
DEU,FRA,1988.78,2008
FIN,POL,1211.96,2020
IRL,LUX,4377.58,2013
SVK,BEL,1657.99,2003
HRV,LVA,4731.9,2011
SVN,POL,7110.72,2020
FIN,GRC,843.4,2001
ROU,FIN,5382.27,2015
SVN,POL,2767.06,2009
SVK,ITA,7949.38,2016
POL,NLD,2484.95,2011
GRC,CZE,4958.95,2017
SVK,ITA,6197.67,2017
SVN,DNK,8676.78,2005
ESP,BEL,1989.35,2004
BEL,LUX,5619.15,2010
GRC,NLD,2048.41,2000
DEU,LTU,6324.28,2000
GRC,CZE,7979.63,2007
HUN,ROU,3473.11,2008
BGR,PRT,6254.31,2000
ESP,HRV,8787.29,2004
ESP,CYP,4789.01,2000
FIN,ITA,5570,2019
SVN,LUX,5289.1,2016
SWE,MLT,4363.47,2002
ITA,CZE,7166.63,2000
CYP,CYP,2056.11,2015
MLT,NLD,3841.3,2015
HRV,CZE,1376.14,2002
LTU,DNK,5607.54,2013
AUT,MLT,4708.41,2014
DEU,LVA,470.56,2004
POL,BGR,8395.4,2016
AUT,SWE,7845.39,2004
LTU,POL,5676.01,2002
ITA,LTU,881.94,2018
BEL,SVN,3672.78,2015
EST,EST,4973.13,2008
SVK,ROU,2822.92,2011
FRA,SVN,2680.69,2013
POL,DNK,1234.06,2012
LTU,SVN,9345.43,2001
MLT,DEU,7.41,2009
ROU,SWE,8413.36,2017
FIN,CZE,572.14,2000
BEL,CZE,2448.99,2014
BEL,HRV,4309.62,2000
HRV,NLD,620.43,2006
CZE,ITA,4317.68,2017
SWE,LUX,1621.53,2001
DNK,DNK,4753.09,2011
CYP,ITA,6254.16,2006
POL,CYP,7996.79,2008
MLT,ESP,6042.31,2002
SVK,LTU,3245.58,2007
AUT,CYP,1784.1,2016
SVN,DNK,7305.98,2017
BGR,DEU,6832.57,2015
DNK,GRC,5853.28,2007
ROU,PRT,2357.48,2012
POL,HRV,4875.62,2018
FIN,CZE,2566.04,2010
HRV,ESP,3958.55,2004
BEL,BGR,390.86,2015
BEL,EST,7992.49,2005
CYP,LUX,2954.76,2012
AUT,GRC,565.27,2016
ESP,SVN,8766.48,2005
DNK,LTU,4029.57,2020
LUX,MLT,852.6,2001
PRT,POL,2630.39,2000
SVN,ESP,7900.56,2011
SVK,HUN,2367.56,2012
CZE,ESP,5687.07,2005
MLT,PRT,2870.73,2012
GRC,FRA,320.06,2015
SWE,CYP,995.17,2003
DNK,LVA,7670.02,2008
NLD,DNK,2192.86,2007
DEU,LVA,8858.43,2002
FRA,SVN,3501.46,2004
BEL,NLD,260.74,2008
SVN,LTU,7273.03,2013
PRT,EST,8206.35,2014
PRT,GRC,7253.03,2011
ROU,FRA,2354.51,2014
EST,HRV,1461.45,2001
HUN,HRV,957.37,2006
LUX,SVK,6531.85,2000
SWE,HRV,8977.87,2009
DNK,POL,2361.76,2003
ITA,ITA,787.9,2007
LTU,FRA,3708.1,2014
HUN,DNK,4460.38,2015
NLD,GRC,8221.87,2009
SVK,BEL,9509.89,2017
HRV,GRC,1184.93,2007
SWE,CYP,5975.74,2001
EST,ITA,6998.97,2018
LUX,LVA,2571.28,2009
FIN,ITA,9201.72,2005
CZE,ROU,3803.52,2005
IRL,DNK,3007.59,2020
SVN,ROU,7492.33,2018
ESP,CYP,5818.7,2000
ROU,IRL,3367.09,2002
PRT,SVN,8563.04,2012
LVA,ITA,9851.51,2007
PRT,ESP,1289.63,2006
AUT,ROU,4649.11,2019
IRL,ITA,5542.13,2013
ROU,GRC,1549.88,2012
SVK,PRT,9656.54,2008
IRL,HUN,984.25,2002
PRT,SVN,4740.59,2013
CYP,LUX,1947.23,2014
LTU,SVN,1825.71,2011
ROU,BEL,6254.55,2004
LUX,MLT,2667.71,2002
BGR,IRL,8928.15,2016
ROU,FRA,6847.33,2002
ESP,ITA,8101.05,2018
DNK,CYP,2098.32,2016
CYP,LUX,9622.99,2018
FIN,BEL,7476.3,2017
LVA,HUN,3707.51,2010
AUT,CYP,3358.97,2014
FRA,SVK,5689.65,2020
ROU,POL,1691.3,2011
SVK,ITA,9969.81,2018
SVK,PRT,2101,2011
LTU,EST,6996.44,2014
POL,ROU,9825.66,2001
LVA,FRA,1793.41,2004
HUN,SVK,7489.2,2018
CZE,ESP,3918.33,2001
IRL,SVN,1484.69,2006
LVA,LUX,6729.68,2019
BEL,DNK,2263.64,2013
CYP,NLD,5562.84,2020
NLD,FRA,4194.54,2007
AUT,DEU,587.42,2020
SVK,ITA,2629.57,2020
NLD,SVN,802.56,2005
MLT,GRC,2216.74,2006
SVN,FRA,2750.87,2019
BEL,POL,5475.71,2001
LTU,AUT,7627.91,2002
ITA,ROU,6709.08,2009
ROU,HRV,5311.98,2000